"id"|"arenaId"|"name"|"address"|"short"
486|486|"Sportzentrum Kaufering"|"Bayernstraße 17, 86916 Kaufering"|"Kaufering, Sportzentrum Kaufering"
430|430|"Max-Schmeling-Halle"|"Am Falkplatz 1, 10437 Berlin"|"Berlin, Max-Schmeling-Halle"
510|510|"Arena Leipzig (kleine Halle)"|"Am Sportforum 1, 04105 Leipzig"|"Leipzig, Arena Leipzig (kleine Halle)"
37|37|"Richard-Hartmann-Halle"|"Fabrikstraße 9, 09111 Chemnitz"|"Chemnitz, Richard-Hartmann-Halle"
9|9|"Sporthalle West"|"Thomas-Müntzer-Straße 17, 06667 Weißenfels"|"Weißenfels, Sporthalle West"
475|475|"Stadtfeldhalle"|"Große Dammstraße 38, 38855 Wernigerode"|"Wernigerode, Stadtfeldhalle"
174|174|"Harzlandhalle"|"Harzburger Straße 24 A, 38871 Ilsenburg (Harz)"|"Ilsenburg (Harz), Harzlandhalle"
38|38|"Stadthalle"|"Beuditzstraße 69A, 06667 Weißenfels"|"Weißenfels, Stadthalle"
128|128|"Sporthalle Lehnerstraße "|"Lehnerstraße  65, 45481 Mülheim an der Ruhr"|"Mülheim an der Ruhr, Sporthalle Lehnerstraße "
488|488|"Muldentalhalle"|"Gebäude 51 / Südstraße 80, 04668 Grimma"|"Grimma, Muldentalhalle"
242|242|"Sporthalle Hoheluft"|"Lokstedter Steindamm 52, 22529 Hamburg"|"Hamburg, Sporthalle Hoheluft"
160|160|"Sportpark Nord"|"Kölnstraße 250, 53117 Bonn"|"Bonn, Sportpark Nord"
268|268|"Sportzentrum Schoofmoor"|"Zum Schoofmoor , 28865 Lilienthal"|"Lilienthal, Sportzentrum Schoofmoor"
63|63|"J.-A.-Hülße-Gymnasium"|"Hülßestraße 16, 01237 Dresden"|"Dresden, J.-A.-Hülße-Gymnasium"
492|492|"121. Oberschule"|"Gamigstraße 28/30, 01239 Dresden"|"Dresden, 121. Oberschule"
290|290|"Halle am Bruchweg"|"Bruchweg 5, 41564 Kaarst"|"Kaarst, Halle am Bruchweg"
13|13|"Reclam-Gymnasium"|"Tarostraße 4, 04103 Leipzig"|"Leipzig, Reclam-Gymnasium"
100|100|"Sportzentrum Eiche Horn"|"Berckstraße 87, 28359 Bremen"|"Bremen, Sportzentrum Eiche Horn"
152|152|"Universitätssporthalle"|"Selkestraße 7, 06122 Halle (Saale)"|"Halle (Saale), Universitätssporthalle"
134|134|"Tallinhalle"|"Elendsredder 24, 24106 Kiel"|"Kiel, Tallinhalle"
367|367|"IGS Roderbruch"|"Rotekreuzstr. 23, 30627 Hannover"|"Hannover, IGS Roderbruch"
468|468|"Leibnizschule"|"Röntgenstraße 8, 30163 Hannover"|"Hannover, Leibnizschule"
51|51|"Jahn-Sporthalle Liebertwolkwitz"|"Jahnstraße 3, 04288 Leipzig"|"Leipzig, Jahn-Sporthalle Liebertwolkwitz"
157|157|"Isidor-Hipper-Halle"|"Isidor-Hipper-Straße 2, 86899 Landsberg am Lech"|"Landsberg am Lech, Isidor-Hipper-Halle"
503|503|"Schlossteichhalle"|"Schloßstraße 13, 09111 Chemnitz"|"Chemnitz, Schlossteichhalle"
398|398|"Berlin (BAT)"|"Pallasstr. 15, 10781 Berlin"|"Berlin, Berlin (BAT)"
105|105|"Bonn (Sportpark Nord)"|"Kölnstraße 250, 53117 Bonn"|"Bonn, Bonn (Sportpark Nord)"
304|304|"Sporthalle Hungerbachweg"|"Hungerbachweg 1, 86899 Landsberg am Lech"|"Landsberg am Lech, Sporthalle Hungerbachweg"
142|142|"Sporthalle am Rabet"|"Konradstraße  35, 04315 Leipzig"|"Leipzig, Sporthalle am Rabet"
176|176|"Chemnitz, Sportzentrum am Taurastein"|"Am Stadion 22, 09217 Burgstädt"|"Burgstädt, Chemnitz, Sportzentrum am Taurastein"
336|336|"Schulzentrum Achter de Weiden"|"Achter de Weiden 32, 22869 Schenefeld"|"Schenefeld, Schulzentrum Achter de Weiden"
377|377|"Stadtparkhalle"|"Pestalozzistraße 1, 41564 Kaarst"|"Kaarst, Stadtparkhalle"
318|318|"Schulzentrum"|"Süderstraße 72-74, 24214 Gettorf"|"Gettorf, Schulzentrum"
162|162|"Schulzentrum Roxel"|"Tillbecker Straße 34, 48161 Münster"|"Münster, Schulzentrum Roxel"
168|168|"August-Storch-Halle"|"August Storch Strasse , 35510 Butzbach"|"Butzbach, August-Storch-Halle"
146|146|"Sporthalle Ludwig-Wolker-Straße"|"Ludwig-Wolker-Straße 35, 45468 Mülheim an der Ruhr"|"Mülheim an der Ruhr, Sporthalle Ludwig-Wolker-Straße"
458|458|"Bremen, Berckstraße"|"Berckstraße 87, 28359 Bremen"|"Bremen, Bremen, Berckstraße"
218|218|"Heinrich-Kraft-Schule"|"Konstanzer Straße 85, 60386 Frankfurt"|"Frankfurt, Heinrich-Kraft-Schule"
313|313|"Sportzentrum am Möhlenkamp"|"Möhlenkamp 26, 24582 Bordesholm"|"Bordesholm, Sportzentrum am Möhlenkamp"
209|209|"Uni Sportforum"|"Olshausenstr 72, 24118 Kiel"|"Kiel, Uni Sportforum"
342|342|"Geschwister-Scholl-Schule"|"Schwaketenstraße 112, 78467 Konstanz"|"Konstanz, Geschwister-Scholl-Schule"
234|234|"von-Siemens-Gymnasium"|"Stendaler Straße 10, 39106 Magdeburg"|"Magdeburg, von-Siemens-Gymnasium"
325|325|"JOYNEXT Arena"|"Magdeburger Straße 10, 01067 Dresden"|"Dresden, JOYNEXT Arena"
182|182|"Schriesheim, Mehrzweckhalle"|" ,  "|", Schriesheim, Mehrzweckhalle"
89|89|"Gymnasiumsporthalle"|"Bergstraße 19, 06188 Landsberg"|"Landsberg, Gymnasiumsporthalle"
305|305|"Stadtsporthalle"|"Straße des Friedens 9, 04720 Döbeln"|"Döbeln, Stadtsporthalle"
354|354|"Mehrzweckhalle Kirch-/Pohl-Göns"|"Frankenstraße 24, 35510 Pohlgöns"|"Pohlgöns, Mehrzweckhalle Kirch-/Pohl-Göns"
126|126|"Anhalt Arena Dessau"|"Robert-Bosch-Straße 54, 06847 Dessau"|"Dessau, Anhalt Arena Dessau"
456|456|"Kreissporthalle"|"Liedekerker Straße 84, 48565 Steinfurt"|"Steinfurt, Kreissporthalle"
335|335|"Lindener Stadion"|"Am Spielfelde , 30449 Hannover"|"Hannover, Lindener Stadion"
509|509|"Schulzentrum Ramsloh"|"Schulstraße 3, 26683 Ramsloh"|"Ramsloh, Schulzentrum Ramsloh"
435|435|"Sportzentrum Bördestraße"|"Bördestraße 10, 28717 Bremen"|"Bremen, Sportzentrum Bördestraße"
230|230|"Sporthalle Stadtwerder"|"Weg zum Krähenberg 33, 28201 Bremen"|"Bremen, Sporthalle Stadtwerder"
65|65|"Sporthalle Arenkamp"|"Arenkamp , 28832 Achim"|"Achim, Sporthalle Arenkamp"
26|26|"Sportzentrum Brandsweg"|"Brandsweg 53, 26131 Oldenburg"|"Oldenburg, Sportzentrum Brandsweg"
387|387|"Schulzentrum Lühe"|"Striep 2, 21720 Steinkirchen"|"Steinkirchen, Schulzentrum Lühe"
183|183|"Neue Oberschule"|"Beethovenstraße 57, 38106 Braunschweig"|"Braunschweig, Neue Oberschule"
79|79|"International School"|"Bruchmeisterallee 6, 30169 Hannover"|"Hannover, International School"
86|86|"Sporthalle Rudgarstraße"|"Rudgardstr. 7, 26954 Nordenham"|"Nordenham, Sporthalle Rudgarstraße"
273|273|"TVD Sportpark 04"|"Schulstr. 6, 49413 Dinklage"|"Dinklage, TVD Sportpark 04"
321|321|"Sporthalle Sutthausen"|"Egon-von-Romberg-Weg 4, 49082 Osnabrück"|"Osnabrück, Sporthalle Sutthausen"
149|149|"Sporthalle ""Am Schießstand"""|"Am Schießstand 17-19, 27628 Bramstedt"|"Bramstedt, Sporthalle ""Am Schießstand"""
50|50|"Wahnbek (Rastede)"|"Schulstr. 101, 26180 Rastede"|"Rastede, Wahnbek (Rastede)"
490|490|"BBS Schölerberg"|"Iburger Straße 159, 49082 Osnabrück"|"Osnabrück, BBS Schölerberg"
110|110|"IGS Weststadt"|"Peenestraße , 38120 Braunschweig"|"Braunschweig, IGS Weststadt"
127|127|"Sporthalle Sedelsberg"|"Kaplan-Meyer-Str. 2, 26683 Sedelsberg"|"Sedelsberg, Sporthalle Sedelsberg"
480|480|"Sporthalle Sperberstraße"|"Sperberstraße 3/5, 28239 Bremen"|"Bremen, Sporthalle Sperberstraße"
444|444|"Schul- u. Sportzentrum Rahden"|"Am Brullfeld 4, 32369 Rahden"|"Rahden, Schul- u. Sportzentrum Rahden"
177|177|"Sporthalle Ottenbeck"|"Käthe-Hoppe-Weg , 21684 Stade"|"Stade, Sporthalle Ottenbeck"
115|115|"ETV Sportzentrum"|"Bundesstr. 96, 20144 Hamburg"|"Hamburg, ETV Sportzentrum"
101|101|"Halepaghenschule"|"Konopkastraße 5, 21614 Buxtehude"|"Buxtehude, Halepaghenschule"
715|715|"Hatzfeldthalle"|"Hatzfeldtallee  19-21, 13509 Berlin"|"Berlin, Hatzfeldthalle"
516|516|"Kolibri-Grundschule"|"Schönewalderstr. 9, 12627 Berlin"|"Berlin, Kolibri-Grundschule"
471|471|"Sporthalle Monumentenstraße"|"Monumentenstraße 13C, 10829  Berlin"|"Berlin, Sporthalle Monumentenstraße"
397|397|"Grundschule Unter-den-Bäumen"|"Alt-Blankenburg 26, 13129 Berlin"|"Berlin, Grundschule Unter-den-Bäumen"
294|294|"Schlossstraße"|"Schlossstraße 56, 14059 Berlin"|"Berlin, Schlossstraße"
15|15|"Von-Steuben-Gesamtschule"|"Bellavitestraße 1, 14480 Potsdam"|"Potsdam, Von-Steuben-Gesamtschule"
140|140|"Fontane Gymnasium"|"Fontaneweg 24, 15834 Rangsdorf"|"Rangsdorf, Fontane Gymnasium"
448|448|"Mehrzweckhalle Mellensee"|"Hauptstraße 21, 15834 Am Mellensee"|"Am Mellensee, Mehrzweckhalle Mellensee"
298|298|"Postsportpark"|"Franz-Mader-Str. 11, 80992 München"|"München, Postsportpark"
158|158|"Paul-Wegmann-Halle"|"Martin-Hemm-Str. 2, 85053 Ingolstadt"|"Ingolstadt, Paul-Wegmann-Halle"
360|360|"Hugo-Kunzi-Halle"|"Am Sportpark 4, 70469 Stuttgart"|"Stuttgart, Hugo-Kunzi-Halle"
211|211|"Nürnberg"|"San-Carlos-Str. 4, 90451 Nürnberg"|"Nürnberg, Nürnberg"
161|161|"Schulzentrum JWR/DZG"|"Platanenstraße 2, 86899 Landsberg am Lech"|"Landsberg am Lech, Schulzentrum JWR/DZG"
331|331|"Walter-Lindner-Sporthalle"|"Im Krappen 2, 75365 Calw"|"Calw, Walter-Lindner-Sporthalle"
314|314|"Sporthalle Grundschule ALS 13"|"Astrid-Lindgren-Str. 13, 81829 München"|"München, Sporthalle Grundschule ALS 13"
315|315|"Sporthalle des Berufschulzentrums"|"Oberriedterstr. 10, 75365  Calw"|"Calw, Sporthalle des Berufschulzentrums"
257|257|"Sporthalle Turner Hölzl"|"Bgm.-Hollinger-Platz 2, 83101 Rohrdorf"|"Rohrdorf, Sporthalle Turner Hölzl"
81|81|"Rheinstrandhalle"|"Lindenallee 10, 76187 Karlsruhe"|"Karlsruhe, Rheinstrandhalle"
462|462|"Regensburg"|"Klenzestraße 31 a, 93051 Regensburg"|"Regensburg, Regensburg"
125|125|"ESV Sporthalle"|"Geisenfelder Str. 1, 85053 Ingolstadt"|"Ingolstadt, ESV Sporthalle"
151|151|"Mehrzweckhalle"|"Sportzentrum 2, 69198 Schriesheim"|"Schriesheim, Mehrzweckhalle"
396|396|"Franz-Zang-Str."|"Franz-Zang-Str. , 67059 Ludwigshafen"|"Ludwigshafen, Franz-Zang-Str."
438|438|"Hermann-Hepper-Turnhalle"|"Westbahnhofstraße 23, 72070 Tübingen"|"Tübingen, Hermann-Hepper-Turnhalle"
120|120|"Sporthalle der Handelslehranstalt"|"Marienalle 5, 24937 Flensburg"|"Flensburg, Sporthalle der Handelslehranstalt"
296|296|"Krückaupark"|"Zum Krückaupark 3, 25337 Elmshorn"|"Elmshorn, Krückaupark"
276|276|"Dreilandenhalle"|"Graureiherweg , 25836 Garding"|"Garding, Dreilandenhalle"
73|73|"Sporthalle Berliner Straße"|"Berliner Straße 12, 21493 Schwarzenbek"|"Schwarzenbek, Sporthalle Berliner Straße"
291|291|"Halle am Pfeilshof"|"Am Pfeilshof 20, 22393 Hamburg"|"Hamburg, Halle am Pfeilshof"
274|274|"Sporthalle Buschkoppel"|"Buschkoppel 5, 21493 Schwarzenbek"|"Schwarzenbek, Sporthalle Buschkoppel"
58|58|"Toni-Jensen-Halle"|"Masurenring 6, 24149 Kiel"|"Kiel, Toni-Jensen-Halle"
208|208|"Großsporthalle"|"Büttelsweg , 25704 Meldorf"|"Meldorf, Großsporthalle"
201|201|"Redwoodhalle"|"Castöhlenweg , 24211 Preetz"|"Preetz, Redwoodhalle"
111|111|"Sporthalle Rebbelstieg"|"Rebbelstieg , 25938 Wyk"|"Wyk, Sporthalle Rebbelstieg"
136|136|"Mehrzweckhalle"|"Riesebyer Straße 8, 24360 Barkelsby"|"Barkelsby, Mehrzweckhalle"
40|40|"Sporthalle"|"Adolf-Brütt-Straße 2, 25813 Husum"|"Husum, Sporthalle"
406|406|"Travegymnasium"|"Kücknitzer Hauptstraße 26, 23569 Lübeck"|"Lübeck, Travegymnasium"
205|205|"Hamburg (Uni)"|"Turmweg 2, 20148 Hamburg"|"Hamburg, Hamburg (Uni)"
85|85|"Auguste-Victoria-Schule"|"Große Paaschburg 68, 25524 Itzehoe"|"Itzehoe, Auguste-Victoria-Schule"
295|295|"Halle Klaus-Groth-Schule"|"Klaus-Groth-Straße 11, 25436 Tornesch-Esingen"|"Tornesch-Esingen, Halle Klaus-Groth-Schule"
21|21|"Mehrzweckhalle"|"Schulweg , 25785 Nordhastedt"|"Nordhastedt, Mehrzweckhalle"
118|118|"Pellworm"|" ,  Pellworm"|"Pellworm, Pellworm"
270|270|"Hohenwestedt"|"Rektor-Wurr-Straße , 24594 Hohenwestedt"|"Hohenwestedt, Hohenwestedt"
113|113|"Wulfsteerthalle"|"Wulfsteert 6, 24340 Eckernförde"|"Eckernförde, Wulfsteerthalle"
144|144|"Turnhalle Elster"|"Wilhelm-Pieck-Straße 8, 06895 Zahna-Elster"|"Zahna-Elster, Turnhalle Elster"
165|165|"Wernigerode"|" ,  "|", Wernigerode"
77|77|"Käthe-Kollwitz-Gymnasium"|"Lassallestraße 1, 08058  Zwickau"|"Zwickau, Käthe-Kollwitz-Gymnasium"
92|92|"Weißenfels"|" ,  "|", Weißenfels"
47|47|"Hoyerswerda"|" ,  "|", Hoyerswerda"
476|476|"Jahnbaude"|"Fürstenstraße 87, 09130 Chemnitz"|"Chemnitz, Jahnbaude"
215|215|"Dreifeld Schulsporthalle"|"Lessingstraße 8a, 04435 Schkeuditz"|"Schkeuditz, Dreifeld Schulsporthalle"
49|49|"Leipzig, Radrennbahn (SSC)"|"Windorfer Straße 59, 04229  Xx"|"Xx, Leipzig, Radrennbahn (SSC)"
202|202|"Chemnitz"|" ,  "|", Chemnitz"
132|132|"Heidenau"|" ,  "|", Heidenau"
64|64|"Döbeln"|" ,  "|", Döbeln"
216|216|"Leipzig (Partisan)"|" ,  "|", Leipzig (Partisan)"
76|76|"Leipzig (Phönix)"|" ,  "|", Leipzig (Phönix)"
340|340|"Dessau"|" ,  "|", Dessau"
264|264|"Grimma"|" ,  "|", Grimma"
11|11|"Sporthalle BBS"|"Käthe-Kollwitz-Str. 1, 29410 Salzwedel"|"Salzwedel, Sporthalle BBS"
170|170|"Dessau (PSV)"|" ,  "|", Dessau (PSV)"
3|3|"Genthin"|"Berliner Chaussee 18a, 39307 Genthin"|"Genthin, Genthin"
124|124|"Ernst-Bremmel-Halle"|"Neudorfer Weg 1b, 06493 Harzgerode"|"Harzgerode, Ernst-Bremmel-Halle"
282|282|"Oelsa"|" ,  "|", Oelsa"
139|139|"SBBSZ Jena-Göschwitz"|"Rudolstädter Str. 95b, 07745 Jena"|"Jena, SBBSZ Jena-Göschwitz"
181|181|"Dresden (TU)"|" ,  "|", Dresden (TU)"
364|364|"Quedlinburg"|" ,  "|", Quedlinburg"
463|463|"Campus Rütli"|"Rütlistraße 33-35, 12045 Berlin"|"Berlin, Campus Rütli"
147|147|""|" ,  Quedlinburg"|"Quedlinburg, "
269|269|"Schkeuditz"|"Lessingstraße 10, 04435 Schkeuditz"|"Schkeuditz, Schkeuditz"
204|204|"Turnhalle Berufsschulzentrum"|"Mittelfeld 50, 06886 Wittenberg"|"Wittenberg, Turnhalle Berufsschulzentrum"
96|96|"Heidenau, Pestalozzi-Gymnasium"|" ,  "|", Heidenau, Pestalozzi-Gymnasium"
288|288|"Leipzig"|" ,  "|", Leipzig"
440|440|"KEIN HALLENNAME GESETZT"|" ,  Berlin"|"Berlin, KEIN HALLENNAME GESETZT"
44|44|"Landsberg"|" ,  "|", Landsberg"
43|43|"Stadthalle"|"Leipziger Straße 4, 04420 Markranstädt"|"Markranstädt, Stadthalle"
487|487|"Magdeburg"|" ,  "|", Magdeburg"
404|404|"Nebra"|" ,  "|", Nebra"
465|465|"Großörner"|" ,  "|", Großörner"
16|16|"Aschersleben"|" ,  "|", Aschersleben"
362|362|"Leipzig (DHfK)"|" ,  "|", Leipzig (DHfK)"
52|52|"Leipzig (SSC)"|" ,  "|", Leipzig (SSC)"
46|46|"Nebra- Unstruthalle"|"Grabenmühlenweg 10, 06642 Nebra"|"Nebra, Nebra- Unstruthalle"
97|97|"Schulsporthalle Mainz"|"Am Judensand 8, 55122 Mainz"|"Mainz, Schulsporthalle Mainz"
285|285|"Kirch-Pohl-Göns, Schulsporthalle"|" ,  "|", Kirch-Pohl-Göns, Schulsporthalle"
70|70|"Schulsporthalle"|"Hirschberger Straße 1, 69198 Schriesheim"|"Schriesheim, Schulsporthalle"
60|60|"Grossporthalle Erlensee"|"Konrad Adenauer Strasse  35, 63526 Erlensee"|"Erlensee, Grossporthalle Erlensee"
431|431|"Gymnasium Philippinum"|"Leopold-Lucas-Straße 18, 35037 Marburg"|"Marburg, Gymnasium Philippinum"
22|22|"Espenau"|" ,  "|", Espenau"
4|4|"Mainz"|"Am Judensand 8, 55122 Mainz"|"Mainz, Mainz"
378|378|"Sporthalle Goethestrasse Espenau"|"Goethestrasse 7-9, 34314 Espenau-Hohenkirchen"|"Espenau-Hohenkirchen, Sporthalle Goethestrasse Espenau"
297|297|"Neudegger Halle"|"Neudegger Allee 3, 86609 Donauwörth"|"Donauwörth, Neudegger Halle"
7|7|"Kaufering"|" ,  Kaufering"|"Kaufering, Kaufering"
434|434|"Sporthalle Berufsschule ALS 3"|"Astrid-Lindgren-Str. 3, 81829 München"|"München, Sporthalle Berufsschule ALS 3"
504|504|"Laurenzer Halle"|"Mitterlängstr.  10, 82178 Puchheim"|"Puchheim, Laurenzer Halle"
148|148|"Astrid-Lindgren-Str. 13"|"Astrid-Lindgren-Str. 13, 81829 München"|"München, Astrid-Lindgren-Str. 13"
344|344|"München"|" ,  München"|"München, München"
418|418|"Haunwöhr"|"Habsburgerstr.  15, 85051 Ingolstadt"|"Ingolstadt, Haunwöhr"
188|188|"BRG in der Au"|"Bachlechnerstraße  35, 6020 A-Innsbruck"|"A-Innsbruck, BRG in der Au"
109|109|"Haunwöhr"|"Habsburgerstr.  15, 85051 Ingolstadt"|"Ingolstadt, Haunwöhr"
232|232|"Hochdahl, Rankestraße"|"Rankestraße 4-6, 40699 Erkrath"|"Erkrath, Hochdahl, Rankestraße"
197|197|"ASV-Halle"|"Olympiaweg 3, 50933 Köln"|"Köln, ASV-Halle"
27|27|"Sporthalle Holzstraße"|"Holzstraße 78, 45479 Mülheim an der Ruhr"|"Mülheim an der Ruhr, Sporthalle Holzstraße"
184|184|"Münster, Sporthalle Ost"|"Manfred-von-Richthofen-Straße 56, 48145 Münster"|"Münster, Münster, Sporthalle Ost"
61|61|"Sporthalle der Südschule"|"Südkamener Straße 62, 59174 Kamen"|"Kamen, Sporthalle der Südschule"
327|327|"Bielefeld, GeSti"|"Am Wortkamp 3, 33605 Bielefeld"|"Bielefeld, Bielefeld, GeSti"
284|284|"Städtische Dreifachturnhalle"|"Liedekerker Strasse 28, 48565 Steinfurt"|"Steinfurt, Städtische Dreifachturnhalle"
206|206|"Gesamtschule Laurensberg"|"Hander Weg 89, 52072 Aachen"|"Aachen, Gesamtschule Laurensberg"
372|372|"Otto-Hahn-Schulen"|"Saaler Mühle 8, 51429 Bergisch Gladbach"|"Bergisch Gladbach, Otto-Hahn-Schulen"
240|240|"Turnhalle Borbecker Straße "|"Borbecker Straße  86, 45475 Mülheim an der Ruhr"|"Mülheim an der Ruhr, Turnhalle Borbecker Straße "
12|12|"GGS-Halle"|"Grenzweg 1, 35510 Kirchgöns"|"Kirchgöns, GGS-Halle"
39|39|"Sporthalle Boverstraße"|"Boverstraße 150, 45473 Mülheim an der Ruhr"|"Mülheim an der Ruhr, Sporthalle Boverstraße"
34|34|"Sporthalle Kleiststraße"|"Kleiststraße 50, 45472 Mülheim an der Ruhr"|"Mülheim an der Ruhr, Sporthalle Kleiststraße"
459|459|"Schulzentrum Lintorf"|"White-Bear-Lake-Platz , 40885 Ratingen"|"Ratingen, Schulzentrum Lintorf"
250|250|"Grabbe-Halle"|"Georg-Weerth-Straße 17, 32756 Detmold"|"Detmold, Grabbe-Halle"
310|310|"Brüderstraße"|"Brüderstraße 15, 04103 Leipzig"|"Leipzig, Brüderstraße"
244|244|"Vitzthum-Gymnasium"|"Paradiesstraße 35, 01217  Dresden"|"Dresden, Vitzthum-Gymnasium"
191|191|"Sportzentrum Rebbelstieg"|"Rebbelstieg 59, 25938 Wyk"|"Wyk, Sportzentrum Rebbelstieg"
178|178|"Sporthalle Kochstedt"|"Winklerstraße 4, 06847 Dessau"|"Dessau, Sporthalle Kochstedt"
56|56|"Halle der Berufsschule"|"Astrid-Lindgren-Straße 3, 81829 München"|"München, Halle der Berufsschule"
373|373|"Utholm-Halle"|"Kirchenleye 7, 25826 St. Peter-Ording"|"St. Peter-Ording, Utholm-Halle"
25|25|"Sporthallenkomplex Lobeda-West"|"Karl-Marx-Allee 70, 07747 Jena"|"Jena, Sporthallenkomplex Lobeda-West"
192|192|"Felix-Klein-Gymnasium (Halle 2)"|"Böttingerstraße 17, 37073 Göttingen"|"Göttingen, Felix-Klein-Gymnasium (Halle 2)"
349|349|"Universitätssporthalle"|"Alberstraße 27, 72074 Tübingen"|"Tübingen, Universitätssporthalle"
99|99|"Bezirkssportanlage Süd"|"Volkmannstraße 10, 28201 Bremen"|"Bremen, Bezirkssportanlage Süd"
98|98|"Realschulhalle"|"Ackerstr. 10, 28832 Achim"|"Achim, Realschulhalle"
135|135|"Bildungszentrum"|"Am Stadion 8, 06122 Halle (Saale)"|"Halle (Saale), Bildungszentrum"
241|241|"Sporthalle Burgbreite"|"Platz des Friedens 1, 38855 Wernigerode"|"Wernigerode, Sporthalle Burgbreite"
402|402|"Harbecke-Halle"|"Mintarder Straße 45, 45481 Mülheim an der Ruhr"|"Mülheim an der Ruhr, Harbecke-Halle"
411|411|"Harbecke-Halle"|"Mintarder Straße 45, 45481 Mülheim an der Ruhr"|"Mülheim an der Ruhr, Harbecke-Halle"
156|156|"OSC-Halle"|"Hiärm-Grupe-Str. 8, 49080 Osnabrück"|"Osnabrück, OSC-Halle"
395|395|"Sporthalle Wilhelm-Kaisen-Schule"|"Valckenburghstraße 1, 28201 Bremen"|"Bremen, Sporthalle Wilhelm-Kaisen-Schule"
90|90|"Sporthalle Kleiststraße"|"Kleiststraße 14-17, 26871 Papenburg"|"Papenburg, Sporthalle Kleiststraße"
497|497|"Sporthalle Ostlandstraße"|"Ostlandstraße 4, 28865 Lilienthal"|"Lilienthal, Sporthalle Ostlandstraße"
415|415|"Schloßstraße (unten)"|"Schlossstraße 56, 14059 Berlin"|"Berlin, Schloßstraße (unten)"
491|491|"Heidelberg"|" ,  Heidelberg"|"Heidelberg, Heidelberg"
235|235|"Dr. Hans-Liebherr-Sporthalle"|"Riedstraße 44, 88416 Ochsenhausen"|"Ochsenhausen, Dr. Hans-Liebherr-Sporthalle"
479|479|"Sporthalle"|"Jahnstraße 3, 25541 Brunsbüttel"|"Brunsbüttel, Sporthalle"
104|104|"Burgfeldhalle"|"Travemünder Allee 5, 23568 Lübeck"|"Lübeck, Burgfeldhalle"
254|254|"Herder Schule"|"Stadt See 11-18, 24768 Rendsburg"|"Rendsburg, Herder Schule"
133|133|"Turnhalle Gymnasium Jessen"|"Mühlberger Straße 24, 06917 Jessen (Elster)"|"Jessen (Elster), Turnhalle Gymnasium Jessen"
226|226|"Sporthalle der BBS"|"Tagewerbener Straße 75, 06667 Weißenfels"|"Weißenfels, Sporthalle der BBS"
348|348|"Dresden"|" ,  "|", Dresden"
78|78|"Seume-Sporthalle"|"Colditzer Str. 30, 04668 Grimma"|"Grimma, Seume-Sporthalle"
200|200|"Rennsteig"|" ,  "|", Rennsteig"
119|119|"USV-Sporthalle"|"Seidelstraße 20a, 07749 Jena"|"Jena, USV-Sporthalle"
261|261|"Schkeuditz"|"Lessingstraße 10, 04435 Schkeuditz"|"Schkeuditz, Schkeuditz"
252|252|"Heidenau "|"Hauptstraße 37, 01809 Heidenau"|"Heidenau, Heidenau "
225|225|"Zweifachsporthalle"|"Torgauer Straße 32a, 06905 Bad Schmiedeberg"|"Bad Schmiedeberg, Zweifachsporthalle"
343|343|"Harzgerode (Concordia)"|" ,  "|", Harzgerode (Concordia)"
213|213|"Dresden"|"Gamigstraße ,  Gamigstraße"|"Gamigstraße, Dresden"
137|137|"Halle der IGS Hechtsheim"|"Ringstraße 41, 55129 Mainz"|"Mainz, Halle der IGS Hechtsheim"
121|121|"Aartalhalle"|"Ziegelhüttenweg 7, 65232 Taunusstein-Neuhof"|"Taunusstein-Neuhof, Aartalhalle"
299|299|"Weidigschule"|"Im Vogelsang 8, 35510 Butzbach"|"Butzbach, Weidigschule"
163|163|"Dreifachturnhalle Röthenbach-Ost"|"San-Carlos-Str. 4, 90451 Nürnberg"|"Nürnberg, Dreifachturnhalle Röthenbach-Ost"
394|394|"Amendingen"|"Adam-Riese-Weg 1, 87700 Memmingen-Amendingen"|"Memmingen-Amendingen, Amendingen"
485|485|"Lechauhalle"|"Bayernstraße 17a, 86916 Kaufering"|"Kaufering, Lechauhalle"
45|45|"Turnhalle Theodor-Heuss-Schule"|"Machnigstr. 8, 87700 Memmingen"|"Memmingen, Turnhalle Theodor-Heuss-Schule"
385|385|"Ingolstadt, Paul-Wegmann-Halle"|" ,  "|", Ingolstadt, Paul-Wegmann-Halle"
505|505|"Heinrich-Hertz-Berufskolleg"|"Herseler Straße 5, 53117 Bonn"|"Bonn, Heinrich-Hertz-Berufskolleg"
384|384|"Seelenbinderhalle"|"Paul-Heyse-Straße 26, 10407 Berlin"|"Berlin, Seelenbinderhalle"
330|330|"Guts-Muths Turnhalle"|"Apelsbergstraße , 98724 Neuhaus am Rennweg"|"Neuhaus am Rennweg, Guts-Muths Turnhalle"
190|190|"Pestalozzi-Halle"|"Römerstraße 79 - 85, 69115 Heidelberg"|"Heidelberg, Pestalozzi-Halle"
131|131|"Sporthalle an der Radrennbahn"|"Windorfer Straße  61,  Leipzig"|"Leipzig, Sporthalle an der Radrennbahn"
41|41|"Sportzentrum Tannenbusch"|"Hirschberger Str. 3, 53119 Bonn"|"Bonn, Sportzentrum Tannenbusch"
265|265|"Sporthalle Havelland-Grundschule"|"Wilhelm-Kabus-Straße 30 - 30 a, 10829 Berlin"|"Berlin, Sporthalle Havelland-Grundschule"
443|443|"Hans-Erlwein-Gymnasium"|"Eibenstocker Str. 30, 01277 Dresden"|"Dresden, Hans-Erlwein-Gymnasium"
129|129|"Ganztagsschule Lessing"|"Lindenallee 29, 29410 Salzwedel"|"Salzwedel, Ganztagsschule Lessing"
302|302|"Schulsporthalle"|"Sportzentrum 2, 69198 Schriesheim"|"Schriesheim, Schulsporthalle"
108|108|"Institut für Sportwissenschaft, Spielhalle"|"Wilhelmstraße 124, 72074 Tübingen"|"Tübingen, Institut für Sportwissenschaft, Spielhalle"
473|473|"Sport Centrum Siemensstadt"|"Buolstraße 14, 13629 Berlin"|"Berlin, Sport Centrum Siemensstadt"
71|71|"Berufliches Schulzentrum Freital"|"Otto-Dix-Straße 2, 01705  Freital"|"Freital, Berufliches Schulzentrum Freital"
351|351|"Pattberghalle"|"Heidelberger Str. 39, 74821 Mosbach"|"Mosbach, Pattberghalle"
164|164|"Pattberghalle"|"Heidelberger Str. 39, 74821 Mosbach"|"Mosbach, Pattberghalle"
23|23|"Sporthalle Zietenterrassen"|"Bertha-von-Suttner-Straße 2, 37083 Göttingen"|"Göttingen, Sporthalle Zietenterrassen"
341|341|"Sporthalle Zietenterrassen"|"Bertha-von-Suttner-Straße 2, 37083 Göttingen"|"Göttingen, Sporthalle Zietenterrassen"
451|451|"Wilhelm von Siemens Gymnasium"|"Allee der Kosmonauten 136,  12683 Berlin"|"Berlin, Wilhelm von Siemens Gymnasium"
48|48|"Toulouse-Lautrec-Schule"|"Miraustraße 120, 13509 Berlin"|"Berlin, Toulouse-Lautrec-Schule"
361|361|"Borsigwalder Grundschule"|"Miraustraße 100, 13509 Berlin"|"Berlin, Borsigwalder Grundschule"
470|470|"Sporthalle des Solitude-Gymnasiums"|"Spechtweg 40B, 70499 Stuttgart"|"Stuttgart, Sporthalle des Solitude-Gymnasiums"
88|88|"Gymnasium Dörpsweg"|" ,  Hamburg"|"Hamburg, Gymnasium Dörpsweg"
275|275|"Quartierssporthalle"|" ,  Berlin"|"Berlin, Quartierssporthalle"
75|75|"Brunsbüttel-Süd"|"Jahnstraße 3,  Brünsbüttel"|"Brünsbüttel, Brunsbüttel-Süd"
426|426|"Halle Lohkampstraße"|"Lohkampstr. 145,  Hamburg"|"Hamburg, Halle Lohkampstraße"
472|472|"Iltishalle"|"Preetzer Straße 30, 24147 Kiel"|"Kiel, Iltishalle"
287|287|"Sporthalle Gymnasium Schloß Plön"|"Prinzenstr. 8,  Plön"|"Plön, Sporthalle Gymnasium Schloß Plön"
172|172|"Christian-Timm-Regional-Schule"|"Wickenhagenweg , 24768 Rendsburg"|"Rendsburg, Christian-Timm-Regional-Schule"
281|281|"Gymnasium Schloss Plön"|"Prinzenstraße 8, 24036 Plön"|"Plön, Gymnasium Schloss Plön"
249|249|"Halle Gustav-Falke-Str."|"Gustav-Falke-Straße 21, 20144 Hamburg"|"Hamburg, Halle Gustav-Falke-Str."
8|8|"Münsterdorf Sporthalle"|"Mühlenstraße 31, 25587 Münsterdorf"|"Münsterdorf, Münsterdorf Sporthalle"
316|316|"Sportkomplex Goethestraße"|"Goethestraße 8a, 04435 Schkeuditz"|"Schkeuditz, Sportkomplex Goethestraße"
337|337|"Sporthalle An der Kotsche"|"An der Kotsche 39, 04207 Leipzig"|"Leipzig, Sporthalle An der Kotsche"
399|399|"68. Mittelschule"|"Breitenfelder Straße 19, 04155 Leipzig"|"Leipzig, 68. Mittelschule"
68|68|"Bodelandhalle"|"Rambergweg 7, 06484 Quedlinburg"|"Quedlinburg, Bodelandhalle"
366|366|"Sporthalle Zoberberg"|"Ellerbreite 43, 06847 Dessau"|"Dessau, Sporthalle Zoberberg"
413|413|"IGS Bretzenheim"|"Hans-Böckler-Straße 2, 55128 Mainz"|"Mainz, IGS Bretzenheim"
221|221|"Bertolt-Brecht-Schule"|"Bertolt-Brecht-Str. 39, 90471 Nürnberg"|"Nürnberg, Bertolt-Brecht-Schule"
513|513|"Friedrich-Ebert-Mittelschule"|"Friedrich-Ebert-Straße 18, 86199 Augsburg"|"Augsburg, Friedrich-Ebert-Mittelschule"
212|212|"Turnhalle der JBS"|"Bodenseestraße 45, 87700 Memmingen"|"Memmingen, Turnhalle der JBS"
365|365|"Sporthalle Gabelsberger Gymnasium "|"Ebrantshauser Strasse 70, 84048 Mainburg "|"Mainburg , Sporthalle Gabelsberger Gymnasium "
54|54|"Sporthalle Mittelschule Mainburg "|"Ebrantshauser Strasse 68, 84048 Mainburg "|"Mainburg , Sporthalle Mittelschule Mainburg "
224|224|"Gesamtschule Richtsberg"|"Karlsbader Weg 3, 35039  Marburg"|"Marburg, Gesamtschule Richtsberg"
145|145|"Ennepetal"|"Wilhelmshöherstr. 12, 58256 Ennepetal"|"Ennepetal, Ennepetal"
460|460|"Ennepetal, Peddinghausstr."|"Peddinghausstraße 17, 58256 Ennepetal"|"Ennepetal, Ennepetal, Peddinghausstr."
150|150|"Sportpark Preungesheim"|"Goldpeppingstraße 8, 60435  Frankfurt"|"Frankfurt, Sportpark Preungesheim"
547|547|"Sportforum Hohenschönhausen, Ballsporthalle"|"Weißenseer Weg 53, 13053 Berlin"|"Berlin, Sportforum Hohenschönhausen, Ballsporthalle"
518|518|"Sporthalle ""Unter den Zindeln"""|"Unter den Zindeln 11, 38855 Wernigerode"|"Wernigerode, Sporthalle ""Unter den Zindeln"""
502|502|"Stuttgart"|"Köstlinstraße 76, 70499 Stuttgart"|"Stuttgart, Stuttgart"
529|529|"Gabor Halle Rosenheim"|"Ebersberger Straße 32 a, 83022 Rosenheim"|"Rosenheim, Gabor Halle Rosenheim"
517|517|"Nicht angegeben"|" ,  "|", Nicht angegeben"
545|545|"Elbe-Rossel-Halle"|"Mörikestraße 2, 06862 Dessau"|"Dessau, Elbe-Rossel-Halle"
555|555|"Sömmeringhalle"|"Sömmeringstraße 29, 10589 Berlin"|"Berlin, Sömmeringhalle"
562|562|"Riethsporthalle"|"Essener Str. 20, 99089 Erfurt"|"Erfurt, Riethsporthalle"
560|560|"Willibrordsporthalle"|"Stegerwaldstraße 29, 48565 Steinfurt"|"Steinfurt, Willibrordsporthalle"
559|559|"Willibrordsporthalle"|"Stegerwaldstraße 29, 48565 Steinfurt"|"Steinfurt, Willibrordsporthalle"
561|561|"Lilli-Henoch-Sporthalle"|"Pallasstraße 15, 10781 Berlin"|"Berlin, Lilli-Henoch-Sporthalle"
30|30|"IGS Mühlenberg"|"Ossietzkyring , 30457 Hannover"|"Hannover, IGS Mühlenberg"
544|544|"SH Gymnasium ""In der Wüste"""|"Kromschröderstraße 33, 49080 Osnabrück"|"Osnabrück, SH Gymnasium ""In der Wüste"""
542|542|"SH Camper Höhe"|"Timm-Kröger-Straße 15, 21680 Stade"|"Stade, SH Camper Höhe"
283|283|"Sporthalle Hohenwedel"|"Am Hohen Felde 40, 21682 Stade"|"Stade, Sporthalle Hohenwedel"
557|557|"Leistikow-Oberschule"|"Hartmannsweilerweg 65, 14163 Berlin"|"Berlin, Leistikow-Oberschule"
532|532|"Robert-Reinick-Grundschule"|"Jungfernheideweg 32-48, 13629 Berlin"|"Berlin, Robert-Reinick-Grundschule"
538|538|"Sporthalle an der Hertabrücke"|"Hertastraße 1b, 12051 Berlin"|"Berlin, Sporthalle an der Hertabrücke"
533|533|"Hans-Fallada-Schule"|"Harzer Str. 73-74, 12059 Berlin"|"Berlin, Hans-Fallada-Schule"
553|553|"Löwenzahn-Grundschule"|"Drorystr. 3, 12055 Berlin"|"Berlin, Löwenzahn-Grundschule"
546|546|"Helmholtzhalle"|"Rohrbacher Str. 102, 69126 Heidelberg"|"Heidelberg, Helmholtzhalle"
528|528|"Unisporthalle"|"Theodor-Heuss-Anlage 15, 68165 Mannheim"|"Mannheim, Unisporthalle"
525|525|"Pestalozzi - Halle"|"Gustav-Schwab-Straße 147, 78467 Konstanz"|"Konstanz, Pestalozzi - Halle"
519|519|"Sporthalle Julius-Leber-Schule"|"Halstenbeker Straße 41, 22457 Hamburg"|"Hamburg, Sporthalle Julius-Leber-Schule"
548|548|"Sporthalle des Berufsbildungszentrums (BBZ)"|"Bruhnstraße 25, 25704 Meldorf"|"Meldorf, Sporthalle des Berufsbildungszentrums (BBZ)"
531|531|"Sporthalle Wegenkamp"|"Wegenkamp 7, 22527 Hamburg"|"Hamburg, Sporthalle Wegenkamp"
552|552|"Rakverehalle"|"Catöhlenweg , 24211 Preetz"|"Preetz, Rakverehalle"
521|521|"Hamburg, Sporthalle Bornheide"|"Bornheide 2, 22549 Hamburg"|"Hamburg, Hamburg, Sporthalle Bornheide"
543|543|"Sporthalle Realschule"|"Schleswiger Straße 29, 25840 Friedrichstadt"|"Friedrichstadt, Sporthalle Realschule"
523|523|"Schulzentrum"|"Oher Weg  24, 21509 Glinde"|"Glinde, Schulzentrum"
527|527|"Mehrzweckhalle Gottlieb-Daimler-Oberschule"|"Daimlerstraße 6, 02625 Bautzen"|"Bautzen, Mehrzweckhalle Gottlieb-Daimler-Oberschule"
526|526|"Mehrzweckhalle Am Schützenplatz"|"Am Schützenplatz 3, 02625 Bautzen"|"Bautzen, Mehrzweckhalle Am Schützenplatz"
551|551|"Sportforum"|"Am Stadion 2, 07749 Jena"|"Jena, Sportforum"
536|536|"Sporthalle Breitenfelder Straße"|"Breitenfelder Straße 19, 04155 Leipzig"|"Leipzig, Sporthalle Breitenfelder Straße"
535|535|"Spangenberghalle"|"Alte Bergstraße 8a, 06343 Mansfeld"|"Mansfeld, Spangenberghalle"
540|540|"Weißenfels Glashaus"|" ,  Weißenfels"|"Weißenfels, Weißenfels Glashaus"
539|539|"Döbeln Nord"|"Bernhard-Kretzschmar-Weg 2, 04720 Döbeln"|"Döbeln, Döbeln Nord"
524|524|"Frankfurt, Sportpark Preungesheim"|"Goldpeppingstraße  8, 60435 Frankfurt"|"Frankfurt, Frankfurt, Sportpark Preungesheim"
537|537|"Jägerkaserne"|"Frankfurter Straße 12, 35037 Marburg"|"Marburg, Jägerkaserne"
558|558|"Sporthalle der Bettina-von-Arnim-Schule, Stadtwald"|"Dietrioch-Bonhoeffer-Straße , 35037 Marburg"|"Marburg, Sporthalle der Bettina-von-Arnim-Schule, Stadtwald"
554|554|"Mainz, Sporthalle Laubenheim"|"Gewerbestraße 25, 55130  Mainz"|" Mainz, Mainz, Sporthalle Laubenheim"
549|549|"Ederseeschule Vöhl-Herzhausen"|"Am Frankenberg 3, 34516 Vöhl"|"Vöhl, Ederseeschule Vöhl-Herzhausen"
556|556|"Stauferpark"|"Neudegger Allee 2, 86609 Donauwörth"|"Donauwörth, Stauferpark"
550|550|"Städtische Sporthalle an der Liedekerker Str."|"Liedekerker Straße 28, 48565 Steinfurt"|"Steinfurt, Städtische Sporthalle an der Liedekerker Str."
530|530|"Sporthalle Kolkrabenweg"|"Kolkrabenweg 8-10, 50829 Köln"|"Köln, Sporthalle Kolkrabenweg"
565|565|"Hein-Dahlinger-Halle"|"Geschwister-Scholl-Straße 9, 24143 Kiel"|"Kiel, Hein-Dahlinger-Halle"
572|572|"Leonardo-da-Vinci-Gesamtschule"|"Esplanade 3, 14469 Potsdam"|"Potsdam, Leonardo-da-Vinci-Gesamtschule"
569|569|"Sporthalle Schlossgymnasium"|"Greiffenklaustraße 2, 55116 Mainz"|"Mainz, Sporthalle Schlossgymnasium"
573|573|"Sporthalle Ostring"|"Moritz-Fiege-Straße 2-21, 44787 Bochum"|"Bochum, Sporthalle Ostring"
583|583|"GS An der Feldbuschwende"|"Oheriedentrift 11, 30539 Hannover"|"Hannover, GS An der Feldbuschwende"
582|582|"Willibald Gebhardt Sportzentrum Schöneberg"|"Sachsendamm 12, 10829 Berlin"|"Berlin, Willibald Gebhardt Sportzentrum Schöneberg"
589|589|"BBZ-Sporthalle"|"Bodenseestr. 41, 87700 Memmingen"|"Memmingen, BBZ-Sporthalle"
246|246|"Sporthalle Moormannskamp"|"Moormannskamp 8, 27721 Ritterhude"|"Ritterhude, Sporthalle Moormannskamp"
567|567|"Brillat-Savarin-Schule"|"Hansastr. 153, 13088 Berlin"|"Berlin, Brillat-Savarin-Schule"
588|588|"Gymnasium Seelow"|"Bertolt-Brecht-Straße 3, 15306 Seelow"|"Seelow, Gymnasium Seelow"
584|584|"Reinhold-Crocoll-Halle"|"Am Brurain 8, 76187 Karlsruhe"|"Karlsruhe, Reinhold-Crocoll-Halle"
578|578|"Gutenberghalle"|"Gutenbergstraße 27, 25524 Itzehoe"|"Itzehoe, Gutenberghalle"
312|312|"Lehmwohld-Halle"|"Am Lehmwohld , 25524 Itzehoe"|"Itzehoe, Lehmwohld-Halle"
577|577|"BGS-Halle"|"Norderende 12, 25821 Breklum"|"Breklum, BGS-Halle"
581|581|"Schleswig"|" ,  Schleswig"|"Schleswig, Schleswig"
576|576|"Albinus-Gemeinschaftsschule"|"Schulstr. 1, 21481 Lauenburg"|"Lauenburg, Albinus-Gemeinschaftsschule"
570|570|"TH Gleißberg-Grundschule"|"Ernst-Schneller-Straße 12, 01809 Heidenau"|"Heidenau, TH Gleißberg-Grundschule"
574|574|"Silberlandhalle"|"Talstraße 8-10, 09456 Annaberg-Buchholz"|"Annaberg-Buchholz, Silberlandhalle"
571|571|"USV Halle"|" ,  "|", USV Halle"
580|580|"Harzgerode, Ernst-Bremmel-Halle"|" ,  "|", Harzgerode, Ernst-Bremmel-Halle"
564|564|"Sporthalle am Ried"|"Philosophenstraße 24 B, 35396  Gießen"|"Gießen, Sporthalle am Ried"
566|566|"Turnhalle Liebigschule"|"Bismarckstraße  21, 35390 Gießen"|"Gießen, Turnhalle Liebigschule"
112|112|"Ennepetal, Peddinghausstr."|"Peddinghausstraße 17, 58256 Ennepetal"|"Ennepetal, Ennepetal, Peddinghausstr."
585|585|"Sporthalle 1"|"Harsewinkelweg 4, 33100 Paderborn"|"Paderborn, Sporthalle 1"
563|563|"Mülheim - Mintrader Str."|"Mintrader Str. 45, 45481 Mülheim an der Ruhr"|"Mülheim an der Ruhr, Mülheim - Mintrader Str."
586|586|"Turnhalle der internationalen Friedensschule"|"Unter Linden 180, 50859 Köln"|"Köln, Turnhalle der internationalen Friedensschule"
94|94|"Lintorf"|" ,  "|", Lintorf"
596|596|"Sachsenhalle"|"Str. Usti nad Labem 275, 09119 Chemnitz"|"Chemnitz, Sachsenhalle"
590|590|"Horst-Korber-Sportzentrum"|"Glockenturmstraße 3-5, 14053 Berlin"|"Berlin, Horst-Korber-Sportzentrum"
592|592|"Ehrenfried-Walther-von-Tschirnhaus-Gymnasium"|"Bernhardstraße 18, 01069 Dresden"|"Dresden, Ehrenfried-Walther-von-Tschirnhaus-Gymnasium"
606|606|"Bothfelder Sporthalle"|"Prinz-Albrecht-Ring 16, 30657 Hannover"|"Hannover, Bothfelder Sporthalle"
607|607|"Hans-Adlhoch-Schule (Dreifachhalle)"|"Hans-Adlhoch-Straße 34, 86157 Augsburg"|"Augsburg, Hans-Adlhoch-Schule (Dreifachhalle)"
611|611|"SH Graf- Engelbert- Schule"|"Königsallee 77-79, 44789 Bochum"|"Bochum, SH Graf- Engelbert- Schule"
593|593|"Sporthalle der Gustav-Stresemann-Wirtschaftsschule"|"Hechtsheimer Straße 31, 55130 Mainz"|"Mainz, Sporthalle der Gustav-Stresemann-Wirtschaftsschule"
619|619|"Sporthalle BBS am Schölerberg"|"Iburger Str.    169, 49082 Osnabrück"|"Osnabrück, Sporthalle BBS am Schölerberg"
506|506|"Hamburg, Sporthalle Steinwiesenweg"|" ,  Hamburg"|"Hamburg, Hamburg, Sporthalle Steinwiesenweg"
591|591|"Sporthalle Bildungszentrum am Sandberg"|"Schulze-Delitzsch-Straße 2, 24943 Flensburg"|"Flensburg, Sporthalle Bildungszentrum am Sandberg"
610|610|"Hans-Christian-Andersen-Halle"|"Stoschstraße 24-26, 24143 Kiel"|"Kiel, Hans-Christian-Andersen-Halle"
616|616|"Erfurt, Gutenberggymnasium"|" ,  "|", Erfurt, Gutenberggymnasium"
614|614|"Turnhalle Oberschule Weißig"|"Gönnsdorfer Weg 1, 01328 Dresden"|"Dresden, Turnhalle Oberschule Weißig"
594|594|"Sporthalle Gustav-Stresemann-Wirtschaftsschule"|"Hechtsheimer Straße 31, 55130 Mainz"|"Mainz, Sporthalle Gustav-Stresemann-Wirtschaftsschule"
600|600|"Turnhalle Albert-Schweitzer-Straße"|"Grünberger Str.  218, 35394 Gießen"|"Gießen, Turnhalle Albert-Schweitzer-Straße"
617|617|"Vilsheimer Sporthalle"|"Schulstraße 3, 84184 Tiefenbach"|"Tiefenbach, Vilsheimer Sporthalle"
595|595|"Bochum Sporthalle Moritz Fiege Str."|"Moritz Fiege Straße  ,  Bochum"|"Bochum, Bochum Sporthalle Moritz Fiege Str."
620|620|"Sporthalle Gymnasium Neandertal"|"Heinrichstraße  12, 40699 Erkrath"|"Erkrath, Sporthalle Gymnasium Neandertal"
597|597|"Uni Düsseldorf"|"Universitätsstraße  1, 40225 Düsseldorf"|"Düsseldorf, Uni Düsseldorf"
598|598|"Halle Nord 2"|"Burgholzstraße 150, 44145 Dortmund"|"Dortmund, Halle Nord 2"
599|599|"Sporthalle Heiligenhaus"|"Herzogstraße  75, 42579 Heiligenhaus"|"Heiligenhaus, Sporthalle Heiligenhaus"
601|601|"Turnhalle Kolkrabenweg"|"Kolkrabenweg  8-10, 50829 Köln-Vogelsang"|"Köln-Vogelsang, Turnhalle Kolkrabenweg"
604|604|"Schulzentrum am Stern"|"Gagarinstraße 5-7, 14480 Potsdam"|"Potsdam, Schulzentrum am Stern"
628|628|"Spechtweghalle"|"Spechtweg 40, 70499 Stuttgart"|"Stuttgart, Spechtweghalle"
627|627|"GS Konrad-Wolf-Straße"|"Konrad-Wolf-Straße 11, 13055 Berlin"|"Berlin, GS Konrad-Wolf-Straße"
621|621|"Sportzentrum Hemmingstedt"|"Bahnhofstraße 54, 25770 Hemmingstedt"|"Hemmingstedt, Sportzentrum Hemmingstedt"
632|632|"25. Oberschule"|"Pohlandstraße 40, 01309 Dresden"|"Dresden, 25. Oberschule"
623|623|"n. n."|" ,  n. n."|"n. n., n. n."
95|95|"Graf-Stauffenberg-Gymnasium"|"Gottlieb-Planck-Str. 1, 49080 Osnabrück"|"Osnabrück, Graf-Stauffenberg-Gymnasium"
625|625|"Humboldtschule"|"Ricklinger Straße 95, 30449 Hannover"|"Hannover, Humboldtschule"
633|633|"Rhein-Neckar-Halle"|"Theodor-Heuss-Anlage 17, 68165 Mannheim"|"Mannheim, Rhein-Neckar-Halle"
629|629|"Sporthalle Goetheschule"|"Gorkistraße 25, 04347 Leipzig"|"Leipzig, Sporthalle Goetheschule"
613|613|"Pestalozzi Gymnasium"|"Hauptstraße 37, 01809 Heidenau"|"Heidenau, Pestalozzi Gymnasium"
624|624|"Buchholz"|" ,  Silberlandhalle"|"Silberlandhalle, Buchholz"
631|631|"Dresden,  Sportgymnasium Ostragehege"|"Messering 2a, 01067 Dresden"|"Dresden, Dresden,  Sportgymnasium Ostragehege"
300|300|"TSV Turnhalle Ebersgöns"|"An der Turnhalle 5A, 35510 Ebersgöns"|"Ebersgöns, TSV Turnhalle Ebersgöns"
630|630|"Hermann Leeser Schule"|"Elsa Brandström Straße 40, 48249  Dülmen"|"Dülmen, Hermann Leeser Schule"
665|665|"Elmar-Frings-Halle"|"Bergheimer Straße 223, 41464 Neuss"|"Neuss, Elmar-Frings-Halle"
663|663|"Sporthalle Werner-von-Siemens-Gymnasium"|"Quiddestraße 4, 81735 München"|"München, Sporthalle Werner-von-Siemens-Gymnasium"
660|660|"Gesamtschule Mitte"|"Jüdefelder Str. 10, 48143 Münster"|"Münster, Gesamtschule Mitte"
641|641|"Carl-Friedrich-von-Siemens Gymnasium"|"Jungfernheideweg 79, 13629 Berlin"|"Berlin, Carl-Friedrich-von-Siemens Gymnasium"
635|635|"Gemeindehalle Calw-Stammheim"|"Jahnstraße 36, 75365 Calw"|"Calw, Gemeindehalle Calw-Stammheim"
638|638|"Sportzentrum St. Wendel"|"Am Sportzentrum , 66606 St. Wendel"|"St. Wendel, Sportzentrum St. Wendel"
647|647|"Jahn-Sporthalle"|"Wiener Straße 76, 70469 Stuttgart"|"Stuttgart, Jahn-Sporthalle"
666|666|"Sporthalle Von-der-Tann-Straße"|"Von-der-Tann-Straße 10, 45476 Mülheim an der Ruhr"|"Mülheim an der Ruhr, Sporthalle Von-der-Tann-Straße"
664|664|"IGS Kronsberg"|"Kattenbrookstrift 30, 30539 Hannover"|"Hannover, IGS Kronsberg"
651|651|"Grundschule Süd"|"Südstraße 22, 26954 Nordenham"|"Nordenham, Grundschule Süd"
654|654|"IGS Kronsberg,Nebenstelle 1"|"Friedrich-Wulfert-Platz  1, 30539 Hannover"|"Hannover, IGS Kronsberg,Nebenstelle 1"
644|644|"Sporthalle im Ludwig-Hofmann Quartier"|"Wiltbergstraße 50, 13125 Berlin"|"Berlin, Sporthalle im Ludwig-Hofmann Quartier"
642|642|"Konrad-Wolf-Straße 11"|"Konrad-Wolf-Straße 11, 13055 Berlin"|"Berlin, Konrad-Wolf-Straße 11"
645|645|"Werner-Ruhemann-Sporthalle"|"Forckenbeckstraße 37, 14199 Berlin"|"Berlin, Werner-Ruhemann-Sporthalle"
652|652|"Primo-Levi-Gymnasium"|"Woelckpromenade 11, 13086 Berlin"|"Berlin, Primo-Levi-Gymnasium"
653|653|"Turnhalle Feuerhägle"|"Primus-Truber-Straße 47, 72072 Tübingen"|"Tübingen, Turnhalle Feuerhägle"
661|661|"Sporthalle Stammheim"|"Münchinger Str. 60, 70439 Stuttgart"|"Stuttgart, Sporthalle Stammheim"
637|637|"Sporthalle des Gutenberggymnasiums"|"Nordhäuser Str. 63, 99084 Erfurt"|"Erfurt, Sporthalle des Gutenberggymnasiums"
650|650|"Lobdeburgschule"|"Unter der Lobedburg 4, 07747 Jena"|"Jena, Lobdeburgschule"
640|640|"107. Oberschule"|"Hepkestraße 26, 01309 Dresden"|"Dresden, 107. Oberschule"
649|649|"Montessorischule"|"Friedrich-Wolf-Straße 2, 07743 Jena"|"Jena, Montessorischule"
382|382|"Holzbüttgen"|" ,  "|", Holzbüttgen"
656|656|"Böllenfalltorhalle"|"Nieder-Ramstädter Str.  170, 64285 Darmstadt"|"Darmstadt, Böllenfalltorhalle"
646|646|"Sporthalle Nord"|"Isarstraße 24, 93057 Regensburg"|"Regensburg, Sporthalle Nord"
657|657|"Raubling Gymnasium Halle"|"Kapellenweg 43, 83064 Raubling"|"Raubling, Raubling Gymnasium Halle"
662|662|"TV Augsburg"|"Gabelsberger Str. 64, 86199 Augsburg"|"Augsburg, TV Augsburg"
658|658|"Raubling Turnhalle"|"Rosenheimer Straße 2a, 83064 Raubling"|"Raubling, Raubling Turnhalle"
648|648|"Sportpark Wasserland"|"Wasserland 14, 53129 Bonn"|"Bonn, Sportpark Wasserland"
672|672|"Hartharena"|"Döbelner Str. 55, 04746 Hartha"|"Hartha, Hartharena"
57|57|"Sporthalle am Turner Hölzl"|" ,  Rohrdorf"|"Rohrdorf, Sporthalle am Turner Hölzl"
684|684|"Euroville Jugend- und Sporthotel"|"Am Michaelisholz 115, 06618 Naumburg (Saale)"|"Naumburg (Saale), Euroville Jugend- und Sporthotel"
683|683|"Sporthalle Albert-Einstein-Gymnasium"|"Olvenstedter Graseweg 36, 39128 Magdeburg"|"Magdeburg, Sporthalle Albert-Einstein-Gymnasium"
685|685|"Mehrzweckhalle"|"Teltower Str. 1, 14979 Großbeeren"|"Großbeeren, Mehrzweckhalle"
681|681|"Halle Bogenstraße"|"Wiener Str. 3, 27568 Bremerhaven"|"Bremerhaven, Halle Bogenstraße"
670|670|"Fritz-Reuter-Schule"|"Braunstraße 5, 27574 Bremerhaven"|"Bremerhaven, Fritz-Reuter-Schule"
673|673|"Sporthalle Horn"|"Spittaler Straße 6, 28359 Bremen"|"Bremen, Sporthalle Horn"
671|671|"Grundschule am Hohen Feld"|"Bedeweg 1, 13125 Berlin"|"Berlin, Grundschule am Hohen Feld"
680|680|"Grundschule ""Heinrich Zille"" Stahnsdorf"|"Friedrich-Naumann-Straße 74, 14532 Stahnsdorf"|"Stahnsdorf, Grundschule ""Heinrich Zille"" Stahnsdorf"
667|667|"Große Sporthalle der Staudinger Gesamtschule"|"Staudinger Straße 10, 79115 Freiburg"|"Freiburg, Große Sporthalle der Staudinger Gesamtschule"
669|669|"MZH Eselsberg"|"Weinbergweg 40, 89075 Ulm"|"Ulm, MZH Eselsberg"
668|668|"Wentziger Sporthalle"|"Falkenbergerstr. 121, 79110 Freiburg"|"Freiburg, Wentziger Sporthalle"
675|675|"Schulzentrum Heide-Ost"|"Friedrich-Elvers-Straße , 25746 Heide"|"Heide, Schulzentrum Heide-Ost"
622|622|"Harald-Nommensen-Halle"|"Süderstraße 29, 25821 Bredstedt"|"Bredstedt, Harald-Nommensen-Halle"
679|679|"Wilhelm-Grote-Halle"|"Hauptstraße 53, 25492 Heist"|"Heist, Wilhelm-Grote-Halle"
674|674|"Sophie-Dethleffs-Halle"|"Sophie-Dethleffs-Str. 46 A, 25746 Heide"|"Heide, Sophie-Dethleffs-Halle"
579|579|"Quedlingburg, Ernst-Bremmel-Halle"|" ,  "|", Quedlingburg, Ernst-Bremmel-Halle"
356|356|"SH Ziescherstrasse"|" ,  Chemnitz"|"Chemnitz, SH Ziescherstrasse"
677|677|"Hans-Sachs-Gymnasium"|"Löbleinstraße 10, 90409 Nürnberg"|"Nürnberg, Hans-Sachs-Gymnasium"
678|678|"Adam-Kraft-Realschule"|"Lutherplatz 4, 90459 Nürnberg"|"Nürnberg, Adam-Kraft-Realschule"
676|676|"Turnhalle Grundschule Graßlfing"|"Schulstraße 8, 82140 Olching"|"Olching, Turnhalle Grundschule Graßlfing"
682|682|"Staatliche Realschule"|"Schlachthofstr. 34, 87700 Memmingen"|"Memmingen, Staatliche Realschule"
602|602|"Turnhalle Kolkrabenweg"|"Kolkrabenweg 8-10, 50829 Köln-Vogelsang"|"Köln-Vogelsang, Turnhalle Kolkrabenweg"
700|700|"Bildungscampus Riem"|"Paul-Wassermann-Str. 16, 81829 München"|"München, Bildungscampus Riem"
699|699|"Sporthalle am Anton-Saefkow-Platz"|"Anton-Saefkow-Platz 5, 10369 Berlin"|"Berlin, Sporthalle am Anton-Saefkow-Platz"
694|694|"Sporthalle am Steg"|"Lange Straße 18, 06110 Halle (Saale)"|"Halle (Saale), Sporthalle am Steg"
18|18|"BZM II"|"Vaasastraße 43, 24109 Kiel"|"Kiel, BZM II"
704|704|"145. Oberschule"|"Gehestraße 2, 01127 Dresden"|"Dresden, 145. Oberschule"
706|706|"Sporthalle Gesamtschule Kaarst-Büttgen
"|"Risgeskirchweg 1, 41564 Kaarst"|"Kaarst, Sporthalle Gesamtschule Kaarst-Büttgen
"
693|693|"Turnhalle Im Grimm"|"Vor dem Neuen Tore 31, 21339 Lüneburg"|"Lüneburg, Turnhalle Im Grimm"
317|317|"Sporthalle Ostlandstraße"|"Ostlandstraße 4, 28865 Lilienthal"|"Lilienthal, Sporthalle Ostlandstraße"
697|697|"Grundschule unter dem Regenbogen"|"Murtzaner Ring 35-37, 12681 Berlin"|"Berlin, Grundschule unter dem Regenbogen"
709|709|"Tempelherren Grundschule"|"Bäumerplan 15, 12101 Berlin"|"Berlin, Tempelherren Grundschule"
710|710|"Anne-Frank-Grundschule"|"John-Schehr-Straße 18, 14513 Teltow"|"Teltow, Anne-Frank-Grundschule"
695|695|"Sporthalle Stadtteilschule Niekampsweg"|"Niekampsweg 25, 22523 Hamburg"|"Hamburg, Sporthalle Stadtteilschule Niekampsweg"
20|20|"Spreewald Arena Berlin"|"Pallasstraße 15, 10781 Berlin"|"Berlin, Spreewald Arena Berlin"
655|655|"Bürgerparkhalle"|"Alsfelder Straße 29, 64289 Darmstadt"|"Darmstadt, Bürgerparkhalle"
686|686|"Ludwig-Uhland-Schule"|"Uhlandstr. 33, 90408 Nürnberg"|"Nürnberg, Ludwig-Uhland-Schule"
688|688|"Angersporthalle"|"Karchestraße 4, 96450 Coburg"|"Coburg, Angersporthalle"
687|687|"Sporthalle Weßling"|"Meilinger Weg 24, 82234 Weßling"|"Weßling, Sporthalle Weßling"
690|690|"Neue Sporthalle"|"Schulweg 6, 88255 Baienfurt"|"Baienfurt, Neue Sporthalle"
689|689|"Pestalozzihalle"|"Seidmannsdorfer Straße 72, 96450 Coburg"|"Coburg, Pestalozzihalle"
708|708|"Mittelschule Wörth"|"Schulstraße 1, 93086 Wörth"|"Wörth, Mittelschule Wörth"
702|702|"Gesamtschule Niederberg"|"Tersteegenstraße 85, 47506 Neukirchen-Vluyn"|"Neukirchen-Vluyn, Gesamtschule Niederberg"
703|703|"Jan-Joest-Gymnasium der Stadt Kalkar"|"Am Bollwerk 16, 47546 Kalkar"|"Kalkar, Jan-Joest-Gymnasium der Stadt Kalkar"
701|701|"Julius Stursberg Gymnasium"|"Tersteegenstraße 85a, 47506 Neukirchen-Vluyn"|"Neukirchen-Vluyn, Julius Stursberg Gymnasium"
